Country Name,Country Code,Series,Series Code,2000 [YR2000],2001 [YR2001],2002 [YR2002],2003 [YR2003],2004 [YR2004],2005 [YR2005],2006 [YR2006],2007 [YR2007],2008 [YR2008],2009 [YR2009],2010 [YR2010],2011 [YR2011],2012 [YR2012],2013 [YR2013],2014 [YR2014],2015 [YR2015],2016 [YR2016],2017 [YR2017],2018 [YR2018],2019 [YR2019],2020 [YR2020],2021 [YR2021],2022 [YR2022],2023 [YR2023],2024 [YR2024],2025 [YR2025]
United States,USA,"Percentage of graduates from Science, Technology, Engineering and Mathematics programmes in tertiary education, both sexes (%)",UIS.FOSGP.5T8.F500600700,17.8101,18.06285,17.98553,..,..,17.16296,16.45358,16.0207,15.75397,15.70134,15.8803,16.21813,16.5562,15.35388,15.76347,17.36795,17.92021,..,..,..,..,..,..,..,..,..
Afghanistan,AFG,"Percentage of graduates from Science, Technology, Engineering and Mathematics programmes in tertiary education, both sexes (%)",UIS.FOSGP.5T8.F500600700,..,..,..,..,..,..,..,..,..,..,..,..,..,..,..,..,..,..,..,..,..,..,..,..,..,..
Albania,ALB,"Percentage of graduates from Science, Technology, Engineering and Mathematics programmes in tertiary education, both sexes (%)",UIS.FOSGP.5T8.F500600700,7.03273,5.91165,..,6.13226,..,..,..,..,..,..,..,13.78547,..,..,..,18.14513,17.72032,19.35248,20.62859,18.82147,..,..,..,..,..,..
Algeria,DZA,"Percentage of graduates from Science, Technology, Engineering and Mathematics programmes in tertiary education, both sexes (%)",UIS.FOSGP.5T8.F500600700,..,..,..,..,..,..,..,25.3828,..,24.01219,29.10561,26.11731,..,..,..,31.21939,31.06931,..,34.23498,..,..,..,..,..,..,..
American Samoa,ASM,"Percentage of graduates from Science, Technology, Engineering and Mathematics programmes in tertiary education, both sexes (%)",UIS.FOSGP.5T8.F500600700,..,..,..,..,..,..,..,10.37736,..,..,..,..,..,..,..,..,..,..,..,..,..,..,..,..,..,..
Andorra,AND,"Percentage of graduates from Science, Technology, Engineering and Mathematics programmes in tertiary education, both sexes (%)",UIS.FOSGP.5T8.F500600700,..,..,34.48276,45.94595,37.77778,34.92063,38.09524,..,23.80952,..,..,..,7.31707,..,..,2.12766,5.55556,3.52941,13.46154,13.58025,..,..,..,..,..,..
Angola,AGO,"Percentage of graduates from Science, Technology, Engineering and Mathematics programmes in tertiary education, both sexes (%)",UIS.FOSGP.5T8.F500600700,..,..,18.60465,..,..,..,..,..,..,..,..,..,..,..,..,12.01046,..,..,..,..,..,..,..,..,..,..
Anguilla,AIA,"Percentage of graduates from Science, Technology, Engineering and Mathematics programmes in tertiary education, both sexes (%)",UIS.FOSGP.5T8.F500600700,..,..,..,..,..,..,..,..,..,..,..,..,..,..,..,..,..,..,..,..,..,..,..,..,..,..
Antigua and Barbuda,ATG,"Percentage of graduates from Science, Technology, Engineering and Mathematics programmes in tertiary education, both sexes (%)",UIS.FOSGP.5T8.F500600700,..,..,..,..,..,..,..,..,..,25,9.18919,14.81481,4.72441,..,..,..,..,..,..,..,..,..,..,..,..,..
Arab World,ARB,"Percentage of graduates from Science, Technology, Engineering and Mathematics programmes in tertiary education, both sexes (%)",UIS.FOSGP.5T8.F500600700,..,..,..,..,..,..,..,..,..,..,..,..,..,..,..,..,..,..,..,..,..,..,..,..,..,..
Argentina,ARG,"Percentage of graduates from Science, Technology, Engineering and Mathematics programmes in tertiary education, both sexes (%)",UIS.FOSGP.5T8.F500600700,..,..,..,..,..,..,13.78745,12.85224,12.20761,14.45357,13.6301,13.62162,..,..,..,..,..,..,..,..,..,..,..,..,..,..
Armenia,ARM,"Percentage of graduates from Science, Technology, Engineering and Mathematics programmes in tertiary education, both sexes (%)",UIS.FOSGP.5T8.F500600700,..,..,..,..,..,..,..,..,..,..,16.29907,..,..,..,..,13.29993,11.26061,14.7225,15.1664,17.14432,..,..,..,..,..,..
Aruba,ABW,"Percentage of graduates from Science, Technology, Engineering and Mathematics programmes in tertiary education, both sexes (%)",UIS.FOSGP.5T8.F500600700,22.26277,25.69444,24.12451,13.92045,15,25.30612,12.59259,22.66667,23.77622,9.82456,20.54264,13.39031,15.10297,..,..,0,2.22222,..,..,..,..,..,..,..,..,..
Australia,AUS,"Percentage of graduates from Science, Technology, Engineering and Mathematics programmes in tertiary education, both sexes (%)",UIS.FOSGP.5T8.F500600700,20.30217,..,22.94787,22.57109,..,22.17171,20.31906,19.08359,18.34758,17.27754,..,16.67866,..,17.00459,17.57165,17.63769,..,18.42957,17.39795,..,..,..,..,..,..,..
Austria,AUT,"Percentage of graduates from Science, Technology, Engineering and Mathematics programmes in tertiary education, both sexes (%)",UIS.FOSGP.5T8.F500600700,..,..,..,..,..,..,..,31.17364,30.21139,30.22236,30.8604,30.32531,28.48385,28.45259,30.89188,29.2717,30.29507,..,31.03226,..,..,..,..,..,..,..
Azerbaijan,AZE,"Percentage of graduates from Science, Technology, Engineering and Mathematics programmes in tertiary education, both sexes (%)",UIS.FOSGP.5T8.F500600700,..,..,..,..,..,..,..,..,18.6133,16.07589,16.82717,16.42412,16.47391,..,..,24.0853,24.21987,23.61431,23.52158,25.90974,..,..,..,..,..,..
"Bahamas, The",BHS,"Percentage of graduates from Science, Technology, Engineering and Mathematics programmes in tertiary education, both sexes (%)",UIS.FOSGP.5T8.F500600700,..,..,..,..,..,..,..,..,..,..,..,..,..,..,..,..,..,..,..,..,..,..,..,..,..,..
Bahrain,BHR,"Percentage of graduates from Science, Technology, Engineering and Mathematics programmes in tertiary education, both sexes (%)",UIS.FOSGP.5T8.F500600700,..,..,..,18.63014,..,19.91206,17.91045,..,..,..,..,..,..,..,..,18.92462,17.01865,15.59157,16.14592,15.59017,..,..,..,..,..,..
Bangladesh,BGD,"Percentage of graduates from Science, Technology, Engineering and Mathematics programmes in tertiary education, both sexes (%)",UIS.FOSGP.5T8.F500600700,..,..,..,..,..,..,..,..,..,..,..,..,..,..,..,..,11.27612,11.27612,..,11.14589,..,..,..,..,..,..
Barbados,BRB,"Percentage of graduates from Science, Technology, Engineering and Mathematics programmes in tertiary education, both sexes (%)",UIS.FOSGP.5T8.F500600700,..,..,..,..,..,..,..,..,..,..,..,..,..,..,..,..,..,..,..,..,..,..,..,..,..,..
Belarus,BLR,"Percentage of graduates from Science, Technology, Engineering and Mathematics programmes in tertiary education, both sexes (%)",UIS.FOSGP.5T8.F500600700,..,..,..,..,24.9878,25.72697,..,26.27043,..,..,..,..,..,..,..,33.49279,33.14885,33.23204,..,..,..,..,..,..,..,..
Belgium,BEL,"Percentage of graduates from Science, Technology, Engineering and Mathematics programmes in tertiary education, both sexes (%)",UIS.FOSGP.5T8.F500600700,19.37999,19.31284,19.37647,..,..,..,17.18294,..,16.07128,16.36946,16.33023,16.72825,16.65112,17.29079,17.97489,17.38283,17.05458,16.70148,16.98965,..,..,..,..,..,..,..
Belize,BLZ,"Percentage of graduates from Science, Technology, Engineering and Mathematics programmes in tertiary education, both sexes (%)",UIS.FOSGP.5T8.F500600700,..,..,..,..,..,..,..,..,..,..,..,..,..,..,..,18.01059,..,..,..,..,..,..,..,..,..,..
Benin,BEN,"Percentage of graduates from Science, Technology, Engineering and Mathematics programmes in tertiary education, both sexes (%)",UIS.FOSGP.5T8.F500600700,..,..,..,..,..,..,..,..,..,..,..,13.24119,..,..,14.24639,20.70982,..,..,20.91009,..,..,..,..,..,..,..
Bermuda,BMU,"Percentage of graduates from Science, Technology, Engineering and Mathematics programmes in tertiary education, both sexes (%)",UIS.FOSGP.5T8.F500600700,..,15.15152,..,..,..,18.36735,..,22.15569,..,23.74101,22.10526,23.95833,30.97345,..,..,23.68421,..,20.43796,38.02817,..,..,..,..,..,..,..
Bhutan,BTN,"Percentage of graduates from Science, Technology, Engineering and Mathematics programmes in tertiary education, both sexes (%)",UIS.FOSGP.5T8.F500600700,..,..,..,..,..,..,..,..,..,..,..,..,..,..,..,..,..,..,..,..,..,..,..,..,..,..
Bolivia,BOL,"Percentage of graduates from Science, Technology, Engineering and Mathematics programmes in tertiary education, both sexes (%)",UIS.FOSGP.5T8.F500600700,..,..,..,..,..,..,..,..,..,..,..,..,..,..,..,..,..,..,..,..,..,..,..,..,..,..
Bosnia and Herzegovina,BIH,"Percentage of graduates from Science, Technology, Engineering and Mathematics programmes in tertiary education, both sexes (%)",UIS.FOSGP.5T8.F500600700,..,..,..,..,..,..,..,..,..,..,..,..,..,..,..,16.97994,19.70847,20.31226,21.21636,23.52245,..,..,..,..,..,..
Botswana,BWA,"Percentage of graduates from Science, Technology, Engineering and Mathematics programmes in tertiary education, both sexes (%)",UIS.FOSGP.5T8.F500600700,..,8.24468,13.64205,..,..,..,..,..,..,..,..,..,..,..,..,..,..,..,..,..,..,..,..,..,..,..
Brazil,BRA,"Percentage of graduates from Science, Technology, Engineering and Mathematics programmes in tertiary education, both sexes (%)",UIS.FOSGP.5T8.F500600700,..,13.39324,12.80331,12.56603,12.36881,12.34567,..,13.04443,12.34485,12.77501,12.2864,12.20433,12.96058,..,16.14633,15.348,16.85954,17.7336,18.36665,..,..,..,..,..,..,..
British Virgin Islands,VGB,"Percentage of graduates from Science, Technology, Engineering and Mathematics programmes in tertiary education, both sexes (%)",UIS.FOSGP.5T8.F500600700,..,..,0,..,..,..,..,..,..,26.89655,..,..,..,..,..,..,..,..,..,..,..,..,..,..,..,..
Brunei Darussalam,BRN,"Percentage of graduates from Science, Technology, Engineering and Mathematics programmes in tertiary education, both sexes (%)",UIS.FOSGP.5T8.F500600700,11.33568,12.16342,..,8.22094,11.38329,10.65333,8.94829,14.25914,15.02591,15.0921,21.91045,20.73911,18.25683,..,..,30.49133,..,..,39.22747,40.14438,..,..,..,..,..,..
Bulgaria,BGR,"Percentage of graduates from Science, Technology, Engineering and Mathematics programmes in tertiary education, both sexes (%)",UIS.FOSGP.5T8.F500600700,18.29059,20.58985,27.60331,21.31269,22.04234,22.01008,..,22.11541,18.94008,19.88997,20.84497,20.19112,22.67582,21.20049,21.04682,20.79307,19.66448,20.51327,19.2768,..,..,..,..,..,..,..
Burkina Faso,BFA,"Percentage of graduates from Science, Technology, Engineering and Mathematics programmes in tertiary education, both sexes (%)",UIS.FOSGP.5T8.F500600700,..,..,..,..,..,..,..,..,..,..,23.33404,22.83182,20.34596,..,15.9279,15.52605,14.59436,15.42149,19.6786,20.2646,..,..,..,..,..,..
Burundi,BDI,"Percentage of graduates from Science, Technology, Engineering and Mathematics programmes in tertiary education, both sexes (%)",UIS.FOSGP.5T8.F500600700,..,4.46194,..,..,12.82496,..,..,..,..,..,11.91673,..,..,..,..,..,24.28948,20.63282,19.67246,..,..,..,..,..,..,..
Cabo Verde,CPV,"Percentage of graduates from Science, Technology, Engineering and Mathematics programmes in tertiary education, both sexes (%)",UIS.FOSGP.5T8.F500600700,..,..,..,..,..,..,..,..,..,..,..,..,..,..,..,..,11.42444,16.41659,16.12676,..,..,..,..,..,..,..
Cambodia,KHM,"Percentage of graduates from Science, Technology, Engineering and Mathematics programmes in tertiary education, both sexes (%)",UIS.FOSGP.5T8.F500600700,10.4402,10.63683,14.7504,..,15.43376,..,..,14.14098,12.54489,..,..,..,..,..,..,..,..,..,..,23.20455,..,..,..,..,..,..
Cameroon,CMR,"Percentage of graduates from Science, Technology, Engineering and Mathematics programmes in tertiary education, both sexes (%)",UIS.FOSGP.5T8.F500600700,..,..,..,..,..,..,24.91199,..,18.74706,..,21.33558,..,..,..,..,..,..,..,..,..,..,..,..,..,..,..
Canada,CAN,"Percentage of graduates from Science, Technology, Engineering and Mathematics programmes in tertiary education, both sexes (%)",UIS.FOSGP.5T8.F500600700,..,..,..,..,..,..,..,..,..,..,..,..,..,20.71711,20.43726,20.02749,21.30081,..,22.37562,..,..,..,..,..,..,..
Caribbean small states,CSS,"Percentage of graduates from Science, Technology, Engineering and Mathematics programmes in tertiary education, both sexes (%)",UIS.FOSGP.5T8.F500600700,..,..,..,..,..,..,..,..,..,..,..,..,..,..,..,..,..,..,..,..,..,..,..,..,..,..
Cayman Islands,CYM,"Percentage of graduates from Science, Technology, Engineering and Mathematics programmes in tertiary education, both sexes (%)",UIS.FOSGP.5T8.F500600700,..,..,..,..,..,..,18.57143,42.10526,35.26786,..,..,..,..,..,..,..,..,..,..,..,..,..,..,..,..,..
Central African Republic,CAF,"Percentage of graduates from Science, Technology, Engineering and Mathematics programmes in tertiary education, both sexes (%)",UIS.FOSGP.5T8.F500600700,..,..,..,..,..,..,..,..,..,..,..,..,..,..,..,..,..,..,..,..,..,..,..,..,..,..
Central Europe and the Baltics,CEB,"Percentage of graduates from Science, Technology, Engineering and Mathematics programmes in tertiary education, both sexes (%)",UIS.FOSGP.5T8.F500600700,..,..,..,..,..,..,..,..,..,..,..,..,..,..,..,..,..,..,..,..,..,..,..,..,..,..
Chad,TCD,"Percentage of graduates from Science, Technology, Engineering and Mathematics programmes in tertiary education, both sexes (%)",UIS.FOSGP.5T8.F500600700,13.70629,..,..,..,..,..,..,..,..,..,..,..,..,..,..,..,..,..,..,..,..,..,..,..,..,..
Channel Islands,CHI,"Percentage of graduates from Science, Technology, Engineering and Mathematics programmes in tertiary education, both sexes (%)",UIS.FOSGP.5T8.F500600700,..,..,..,..,..,..,..,..,..,..,..,..,..,..,..,..,..,..,..,..,..,..,..,..,..,..
Chile,CHL,"Percentage of graduates from Science, Technology, Engineering and Mathematics programmes in tertiary education, both sexes (%)",UIS.FOSGP.5T8.F500600700,..,..,..,..,26.46164,..,26.5194,26.98405,22.677,20.97281,20.53292,..,19.54034,19.26935,19.97365,20.10326,19.90403,20.46534,20.94617,..,..,..,..,..,..,..
China,CHN,"Percentage of graduates from Science, Technology, Engineering and Mathematics programmes in tertiary education, both sexes (%)",UIS.FOSGP.5T8.F500600700,..,..,..,..,..,..,..,..,..,..,..,..,..,..,..,..,..,..,..,..,..,..,..,..,..,..
Colombia,COL,"Percentage of graduates from Science, Technology, Engineering and Mathematics programmes in tertiary education, both sexes (%)",UIS.FOSGP.5T8.F500600700,..,..,24.69111,..,..,..,..,..,..,..,..,22.93423,22.1273,..,23.28125,22.70119,23.63948,23.66475,23.12693,..,..,..,..,..,..,..
Comoros,COM,"Percentage of graduates from Science, Technology, Engineering and Mathematics programmes in tertiary education, both sexes (%)",UIS.FOSGP.5T8.F500600700,..,..,..,..,..,..,..,..,..,..,..,..,..,..,..,..,..,..,..,..,..,..,..,..,..,..
"Congo, Dem. Rep.",COD,"Percentage of graduates from Science, Technology, Engineering and Mathematics programmes in tertiary education, both sexes (%)",UIS.FOSGP.5T8.F500600700,..,..,..,..,..,..,..,..,..,..,..,..,..,..,..,..,15.46235,..,..,..,..,..,..,..,..,..
"Congo, Rep.",COG,"Percentage of graduates from Science, Technology, Engineering and Mathematics programmes in tertiary education, both sexes (%)",UIS.FOSGP.5T8.F500600700,..,..,..,..,..,..,..,..,..,..,..,..,..,..,..,..,..,15.13064,..,..,..,..,..,..,..,..
Cook Islands,COK,"Percentage of graduates from Science, Technology, Engineering and Mathematics programmes in tertiary education, both sexes (%)",UIS.FOSGP.5T8.F500600700,..,..,..,..,..,..,..,..,..,..,..,..,..,..,..,..,..,..,..,..,..,..,..,..,..,..
Costa Rica,CRI,"Percentage of graduates from Science, Technology, Engineering and Mathematics programmes in tertiary education, both sexes (%)",UIS.FOSGP.5T8.F500600700,..,13.3519,12.26618,..,..,..,..,13.6776,..,..,11.43254,12.44604,..,..,..,12.87717,13.09073,14.39941,15.45587,15.11316,..,..,..,..,..,..
Cote d'Ivoire,CIV,"Percentage of graduates from Science, Technology, Engineering and Mathematics programmes in tertiary education, both sexes (%)",UIS.FOSGP.5T8.F500600700,..,..,..,..,..,..,..,..,..,..,..,..,..,..,..,..,..,..,..,..,..,..,..,..,..,..
Croatia,HRV,"Percentage of graduates from Science, Technology, Engineering and Mathematics programmes in tertiary education, both sexes (%)",UIS.FOSGP.5T8.F500600700,27.28224,25.09503,22.83427,21.48631,..,18.1195,18.04998,20.69462,22.95642,24.55116,20.39775,..,24.20141,..,23.70777,23.86288,25.29388,27.01462,..,..,..,..,..,..,..,..
Cuba,CUB,"Percentage of graduates from Science, Technology, Engineering and Mathematics programmes in tertiary education, both sexes (%)",UIS.FOSGP.5T8.F500600700,..,..,13.1279,..,..,..,..,..,..,..,..,..,..,..,..,..,8.74986,..,..,..,..,..,..,..,..,..
Curacao,CUW,"Percentage of graduates from Science, Technology, Engineering and Mathematics programmes in tertiary education, both sexes (%)",UIS.FOSGP.5T8.F500600700,..,..,..,..,..,..,..,..,..,..,..,..,..,..,..,..,..,..,..,..,..,..,..,..,..,..
Cyprus,CYP,"Percentage of graduates from Science, Technology, Engineering and Mathematics programmes in tertiary education, both sexes (%)",UIS.FOSGP.5T8.F500600700,..,..,13.13843,12.79743,..,..,13.91913,12.35096,12.60365,13.68863,13.29903,17.21463,21.86943,19.01165,17.01662,17.37816,15.89074,14.97206,15.1492,..,..,..,..,..,..,..
Czechia,CZE,"Percentage of graduates from Science, Technology, Engineering and Mathematics programmes in tertiary education, both sexes (%)",UIS.FOSGP.5T8.F500600700,24.71336,22.24896,23.44036,22.90898,22.7563,22.52744,..,24.87962,26.03095,24.51402,24.09571,22.62925,22.45275,23.95829,22.45894,23.17186,23.45064,23.86177,26.11807,..,..,..,..,..,..,..
Denmark,DNK,"Percentage of graduates from Science, Technology, Engineering and Mathematics programmes in tertiary education, both sexes (%)",UIS.FOSGP.5T8.F500600700,18.26263,21.82126,22.22986,19.82785,19.47738,18.90592,18.16614,19.97286,19.4919,18.94045,19.40263,20.25871,21.32033,20.44925,20.78268,19.62433,20.46313,20.97698,22.20288,..,..,..,..,..,..,..
Djibouti,DJI,"Percentage of graduates from Science, Technology, Engineering and Mathematics programmes in tertiary education, both sexes (%)",UIS.FOSGP.5T8.F500600700,..,..,..,..,..,..,..,..,..,46.46782,..,..,..,..,..,..,..,..,..,..,..,..,..,..,..,..
Dominica,DMA,"Percentage of graduates from Science, Technology, Engineering and Mathematics programmes in tertiary education, both sexes (%)",UIS.FOSGP.5T8.F500600700,..,..,..,..,..,..,..,..,..,..,..,..,..,..,..,..,..,..,..,..,..,..,..,..,..,..
Dominican Republic,DOM,"Percentage of graduates from Science, Technology, Engineering and Mathematics programmes in tertiary education, both sexes (%)",UIS.FOSGP.5T8.F500600700,..,..,..,..,..,..,..,..,..,..,..,..,..,..,..,14.30134,14.07834,11.55196,..,..,..,..,..,..,..,..
Early-demographic dividend,EAR,"Percentage of graduates from Science, Technology, Engineering and Mathematics programmes in tertiary education, both sexes (%)",UIS.FOSGP.5T8.F500600700,..,..,..,..,..,..,..,..,..,..,..,..,..,..,..,..,..,..,..,..,..,..,..,..,..,..
East Asia & Pacific,EAS,"Percentage of graduates from Science, Technology, Engineering and Mathematics programmes in tertiary education, both sexes (%)",UIS.FOSGP.5T8.F500600700,..,..,..,..,..,..,..,..,..,..,..,..,..,..,..,..,..,..,..,..,..,..,..,..,..,..
East Asia & Pacific (excluding high income),EAP,"Percentage of graduates from Science, Technology, Engineering and Mathematics programmes in tertiary education, both sexes (%)",UIS.FOSGP.5T8.F500600700,..,..,..,..,..,..,..,..,..,..,..,..,..,..,..,..,..,..,..,..,..,..,..,..,..,..
East Asia & Pacific (IDA & IBRD countries),TEA,"Percentage of graduates from Science, Technology, Engineering and Mathematics programmes in tertiary education, both sexes (%)",UIS.FOSGP.5T8.F500600700,..,..,..,..,..,..,..,..,..,..,..,..,..,..,..,..,..,..,..,..,..,..,..,..,..,..
Ecuador,ECU,"Percentage of graduates from Science, Technology, Engineering and Mathematics programmes in tertiary education, both sexes (%)",UIS.FOSGP.5T8.F500600700,..,..,..,..,..,..,..,12.01963,13.28053,..,..,..,..,..,14.33887,16.68781,15.83638,..,..,..,..,..,..,..,..,..
"Egypt, Arab Rep.",EGY,"Percentage of graduates from Science, Technology, Engineering and Mathematics programmes in tertiary education, both sexes (%)",UIS.FOSGP.5T8.F500600700,..,..,..,..,..,..,..,..,..,..,..,..,..,..,..,..,11.24119,..,..,..,..,..,..,..,..,..
El Salvador,SLV,"Percentage of graduates from Science, Technology, Engineering and Mathematics programmes in tertiary education, both sexes (%)",UIS.FOSGP.5T8.F500600700,..,..,21.26239,21.76963,..,21.5227,21.04647,22.10519,27.78938,27.40599,26.41465,23.13646,21.66528,..,..,22.15795,22.12998,22.28362,21.43305,..,..,..,..,..,..,..
Equatorial Guinea,GNQ,"Percentage of graduates from Science, Technology, Engineering and Mathematics programmes in tertiary education, both sexes (%)",UIS.FOSGP.5T8.F500600700,..,..,..,..,..,..,..,..,..,..,..,..,..,..,..,..,..,..,..,..,..,..,..,..,..,..
Eritrea,ERI,"Percentage of graduates from Science, Technology, Engineering and Mathematics programmes in tertiary education, both sexes (%)",UIS.FOSGP.5T8.F500600700,27.03777,..,17.34317,29.46429,18.97927,..,..,..,..,..,..,..,..,..,..,..,29.04854,..,..,..,..,..,..,..,..,..
Estonia,EST,"Percentage of graduates from Science, Technology, Engineering and Mathematics programmes in tertiary education, both sexes (%)",UIS.FOSGP.5T8.F500600700,19.41803,18.71053,17.27202,18.92275,18.53444,22.84406,21.61788,23.77894,23.55223,22.69997,23.65591,24.21373,24.83169,27.128,26.40824,26.47031,27.46053,28.83993,27.73244,..,..,..,..,..,..,..
Eswatini,SWZ,"Percentage of graduates from Science, Technology, Engineering and Mathematics programmes in tertiary education, both sexes (%)",UIS.FOSGP.5T8.F500600700,6.20621,4.54545,4.17827,..,..,6.8599,4.06945,..,..,..,..,..,..,..,..,0,..,..,..,..,..,..,..,..,..,..
Ethiopia,ETH,"Percentage of graduates from Science, Technology, Engineering and Mathematics programmes in tertiary education, both sexes (%)",UIS.FOSGP.5T8.F500600700,10.56162,..,10.67211,12.4011,13.0089,15.30036,..,..,11.21717,..,..,..,..,..,..,..,..,..,..,..,..,..,..,..,..,..
Euro area,EMU,"Percentage of graduates from Science, Technology, Engineering and Mathematics programmes in tertiary education, both sexes (%)",UIS.FOSGP.5T8.F500600700,..,..,..,..,..,..,..,..,..,..,..,..,..,..,..,..,..,..,..,..,..,..,..,..,..,..
Europe & Central Asia,ECS,"Percentage of graduates from Science, Technology, Engineering and Mathematics programmes in tertiary education, both sexes (%)",UIS.FOSGP.5T8.F500600700,..,..,..,..,..,..,..,..,..,..,..,..,..,..,..,..,..,..,..,..,..,..,..,..,..,..
Europe & Central Asia (excluding high income),ECA,"Percentage of graduates from Science, Technology, Engineering and Mathematics programmes in tertiary education, both sexes (%)",UIS.FOSGP.5T8.F500600700,..,..,..,..,..,..,..,..,..,..,..,..,..,..,..,..,..,..,..,..,..,..,..,..,..,..
Europe & Central Asia (IDA & IBRD countries),TEC,"Percentage of graduates from Science, Technology, Engineering and Mathematics programmes in tertiary education, both sexes (%)",UIS.FOSGP.5T8.F500600700,..,..,..,..,..,..,..,..,..,..,..,..,..,..,..,..,..,..,..,..,..,..,..,..,..,..
European Union,EUU,"Percentage of graduates from Science, Technology, Engineering and Mathematics programmes in tertiary education, both sexes (%)",UIS.FOSGP.5T8.F500600700,..,..,..,..,..,..,..,..,..,..,..,..,..,..,..,..,..,..,..,..,..,..,..,..,..,..
Faroe Islands,FRO,"Percentage of graduates from Science, Technology, Engineering and Mathematics programmes in tertiary education, both sexes (%)",UIS.FOSGP.5T8.F500600700,..,..,..,..,..,..,..,..,..,..,..,..,..,..,..,..,..,..,..,..,..,..,..,..,..,..
Fiji,FJI,"Percentage of graduates from Science, Technology, Engineering and Mathematics programmes in tertiary education, both sexes (%)",UIS.FOSGP.5T8.F500600700,..,..,..,..,..,..,..,..,..,..,..,..,..,..,..,..,..,..,..,..,..,..,..,..,..,..
Finland,FIN,"Percentage of graduates from Science, Technology, Engineering and Mathematics programmes in tertiary education, both sexes (%)",UIS.FOSGP.5T8.F500600700,28.29197,29.95284,29.09091,30.11129,30.32927,..,..,..,..,28.47659,32.14868,28.10937,27.9317,27.912,27.75716,28.48546,29.53127,27.25346,28.12024,..,..,..,..,..,..,..
Fragile and conflict affected situations,FCS,"Percentage of graduates from Science, Technology, Engineering and Mathematics programmes in tertiary education, both sexes (%)",UIS.FOSGP.5T8.F500600700,..,..,..,..,..,..,..,..,..,..,..,..,..,..,..,..,..,..,..,..,..,..,..,..,..,..
France,FRA,"Percentage of graduates from Science, Technology, Engineering and Mathematics programmes in tertiary education, both sexes (%)",UIS.FOSGP.5T8.F500600700,30.55257,..,30.36725,29.88173,27.67511,..,27.69937,27.2356,27.17923,27.02155,..,..,26.10246,23.36857,23.73192,25.26713,25.56112,..,25.39433,..,..,..,..,..,..,..
French Polynesia,PYF,"Percentage of graduates from Science, Technology, Engineering and Mathematics programmes in tertiary education, both sexes (%)",UIS.FOSGP.5T8.F500600700,..,..,..,..,..,..,..,..,..,..,..,..,..,..,..,..,..,..,..,..,..,..,..,..,..,..
Gabon,GAB,"Percentage of graduates from Science, Technology, Engineering and Mathematics programmes in tertiary education, both sexes (%)",UIS.FOSGP.5T8.F500600700,..,..,..,..,..,..,..,..,..,..,..,..,..,..,..,..,..,..,..,..,..,..,..,..,..,..
"Gambia, The",GMB,"Percentage of graduates from Science, Technology, Engineering and Mathematics programmes in tertiary education, both sexes (%)",UIS.FOSGP.5T8.F500600700,..,..,..,..,20,..,..,..,..,..,..,54.13648,..,..,..,..,..,..,..,..,..,..,..,..,..,..
Georgia,GEO,"Percentage of graduates from Science, Technology, Engineering and Mathematics programmes in tertiary education, both sexes (%)",UIS.FOSGP.5T8.F500600700,22.98325,22.27463,22.64092,23.54061,24.17797,..,21.59538,16.22472,..,..,17.44868,..,21.127,..,..,..,21.70314,21.87618,21.23758,24.55977,..,..,..,..,..,..
Germany,DEU,"Percentage of graduates from Science, Technology, Engineering and Mathematics programmes in tertiary education, both sexes (%)",UIS.FOSGP.5T8.F500600700,26.91868,26.27933,26.5164,..,..,..,..,..,..,..,..,..,..,..,..,36.74026,36.04018,35.55347,35.30881,..,..,..,..,..,..,..
Ghana,GHA,"Percentage of graduates from Science, Technology, Engineering and Mathematics programmes in tertiary education, both sexes (%)",UIS.FOSGP.5T8.F500600700,..,..,..,..,..,..,..,..,..,..,..,..,..,..,..,14.23553,12.23637,13.38852,16.36784,16.41172,..,..,..,..,..,..
Gibraltar,GIB,"Percentage of graduates from Science, Technology, Engineering and Mathematics programmes in tertiary education, both sexes (%)",UIS.FOSGP.5T8.F500600700,..,..,..,..,..,..,..,..,..,..,..,..,..,..,..,..,..,..,..,..,..,..,..,..,..,..
Global Partnership for Education,FTI,"Percentage of graduates from Science, Technology, Engineering and Mathematics programmes in tertiary education, both sexes (%)",UIS.FOSGP.5T8.F500600700,..,..,..,..,..,..,..,..,..,..,..,..,..,..,..,..,..,..,..,..,..,..,..,..,..,..
Greece,GRC,"Percentage of graduates from Science, Technology, Engineering and Mathematics programmes in tertiary education, both sexes (%)",UIS.FOSGP.5T8.F500600700,..,..,..,..,28.27672,27.99806,..,22.10335,24.89247,..,27.94077,28.55962,29.35794,31.13863,29.9168,..,28.16142,29.40377,28.26687,..,..,..,..,..,..,..
Greenland,GRL,"Percentage of graduates from Science, Technology, Engineering and Mathematics programmes in tertiary education, both sexes (%)",UIS.FOSGP.5T8.F500600700,..,..,..,..,..,..,..,..,..,..,..,..,..,..,..,..,..,..,..,..,..,..,..,..,..,..
Grenada,GRD,"Percentage of graduates from Science, Technology, Engineering and Mathematics programmes in tertiary education, both sexes (%)",UIS.FOSGP.5T8.F500600700,..,..,..,..,..,..,..,..,..,..,..,..,..,..,..,13.24158,..,12.98425,15.67901,..,..,..,..,..,..,..
Guam,GUM,"Percentage of graduates from Science, Technology, Engineering and Mathematics programmes in tertiary education, both sexes (%)",UIS.FOSGP.5T8.F500600700,..,..,..,..,..,..,..,..,..,..,..,..,..,..,..,..,..,..,..,..,..,..,..,..,..,..
Guatemala,GTM,"Percentage of graduates from Science, Technology, Engineering and Mathematics programmes in tertiary education, both sexes (%)",UIS.FOSGP.5T8.F500600700,..,..,12.65296,..,..,..,..,16.76272,..,..,..,..,..,..,11.04502,9.76544,..,..,..,..,..,..,..,..,..,..
Guinea,GIN,"Percentage of graduates from Science, Technology, Engineering and Mathematics programmes in tertiary education, both sexes (%)",UIS.FOSGP.5T8.F500600700,..,..,..,..,..,..,..,..,..,..,..,..,..,..,..,..,..,..,..,..,..,..,..,..,..,..
Guinea-Bissau,GNB,"Percentage of graduates from Science, Technology, Engineering and Mathematics programmes in tertiary education, both sexes (%)",UIS.FOSGP.5T8.F500600700,..,..,..,..,..,..,..,..,..,..,..,..,..,..,..,..,..,..,..,..,..,..,..,..,..,..
Guyana,GUY,"Percentage of graduates from Science, Technology, Engineering and Mathematics programmes in tertiary education, both sexes (%)",UIS.FOSGP.5T8.F500600700,..,..,..,..,21.19323,15.2,15.20509,14.07498,13.00115,17.13115,14.62523,14.10935,14.20022,..,..,..,..,..,..,..,..,..,..,..,..,..
Haiti,HTI,"Percentage of graduates from Science, Technology, Engineering and Mathematics programmes in tertiary education, both sexes (%)",UIS.FOSGP.5T8.F500600700,..,..,..,..,..,..,..,..,..,..,..,..,..,..,..,..,..,..,..,..,..,..,..,..,..,..
Heavily indebted poor countries (HIPC),HPC,"Percentage of graduates from Science, Technology, Engineering and Mathematics programmes in tertiary education, both sexes (%)",UIS.FOSGP.5T8.F500600700,..,..,..,..,..,..,..,..,..,..,..,..,..,..,..,..,..,..,..,..,..,..,..,..,..,..
High income,HIC,"Percentage of graduates from Science, Technology, Engineering and Mathematics programmes in tertiary education, both sexes (%)",UIS.FOSGP.5T8.F500600700,..,..,..,..,..,..,..,..,..,..,..,..,..,..,..,..,..,..,..,..,..,..,..,..,..,..
Honduras,HND,"Percentage of graduates from Science, Technology, Engineering and Mathematics programmes in tertiary education, both sexes (%)",UIS.FOSGP.5T8.F500600700,..,..,..,13.23135,..,..,..,..,..,..,12.19829,..,14.22548,..,..,14.71533,15.45855,15.02381,15.20226,..,..,..,..,..,..,..
"Hong Kong SAR, China",HKG,"Percentage of graduates from Science, Technology, Engineering and Mathematics programmes in tertiary education, both sexes (%)",UIS.FOSGP.5T8.F500600700,..,..,..,37.95342,35.05789,35.89632,34.83204,..,..,..,..,..,..,..,..,..,..,..,..,..,..,..,..,..,..,..
Hungary,HUN,"Percentage of graduates from Science, Technology, Engineering and Mathematics programmes in tertiary education, both sexes (%)",UIS.FOSGP.5T8.F500600700,13.21911,11.20728,13.88853,12.76662,11.35139,11.73055,13.62918,..,14.81012,16.88593,18.07067,18.37492,18.63104,18.87733,20.78245,22.06761,22.81163,23.26293,22.51725,..,..,..,..,..,..,..
IBRD only,IBD,"Percentage of graduates from Science, Technology, Engineering and Mathematics programmes in tertiary education, both sexes (%)",UIS.FOSGP.5T8.F500600700,..,..,..,..,..,..,..,..,..,..,..,..,..,..,..,..,..,..,..,..,..,..,..,..,..,..
Iceland,ISL,"Percentage of graduates from Science, Technology, Engineering and Mathematics programmes in tertiary education, both sexes (%)",UIS.FOSGP.5T8.F500600700,19.73019,19.02227,18.17768,16.41494,16.23422,14.82369,14.50853,12.87964,13.66015,14.67014,15.70489,..,..,..,..,..,..,..,18.59193,..,..,..,..,..,..,..
IDA & IBRD total,IBT,"Percentage of graduates from Science, Technology, Engineering and Mathematics programmes in tertiary education, both sexes (%)",UIS.FOSGP.5T8.F500600700,..,..,..,..,..,..,..,..,..,..,..,..,..,..,..,..,..,..,..,..,..,..,..,..,..,..
IDA blend,IDB,"Percentage of graduates from Science, Technology, Engineering and Mathematics programmes in tertiary education, both sexes (%)",UIS.FOSGP.5T8.F500600700,..,..,..,..,..,..,..,..,..,..,..,..,..,..,..,..,..,..,..,..,..,..,..,..,..,..
IDA only,IDX,"Percentage of graduates from Science, Technology, Engineering and Mathematics programmes in tertiary education, both sexes (%)",UIS.FOSGP.5T8.F500600700,..,..,..,..,..,..,..,..,..,..,..,..,..,..,..,..,..,..,..,..,..,..,..,..,..,..
IDA total,IDA,"Percentage of graduates from Science, Technology, Engineering and Mathematics programmes in tertiary education, both sexes (%)",UIS.FOSGP.5T8.F500600700,..,..,..,..,..,..,..,..,..,..,..,..,..,..,..,..,..,..,..,..,..,..,..,..,..,..
India,IND,"Percentage of graduates from Science, Technology, Engineering and Mathematics programmes in tertiary education, both sexes (%)",UIS.FOSGP.5T8.F500600700,..,..,..,..,..,..,..,..,..,..,..,..,..,29.11147,30.52555,31.08045,31.72857,32.63761,32.64561,32.16665,..,..,..,..,..,..
Indonesia,IDN,"Percentage of graduates from Science, Technology, Engineering and Mathematics programmes in tertiary education, both sexes (%)",UIS.FOSGP.5T8.F500600700,..,..,..,..,..,..,..,..,..,..,..,..,..,..,..,17.30061,18.62334,18.55179,19.4187,..,..,..,..,..,..,..
"Iran, Islamic Rep.",IRN,"Percentage of graduates from Science, Technology, Engineering and Mathematics programmes in tertiary education, both sexes (%)",UIS.FOSGP.5T8.F500600700,..,..,..,..,37.65654,41.19637,35.47451,41.19637,..,39.86896,..,47.09177,47.67719,..,..,..,43.85731,42.12956,40.19529,..,..,..,..,..,..,..
Iraq,IRQ,"Percentage of graduates from Science, Technology, Engineering and Mathematics programmes in tertiary education, both sexes (%)",UIS.FOSGP.5T8.F500600700,..,..,..,..,31.52227,..,..,..,..,..,..,..,..,..,..,..,..,..,..,..,..,..,..,..,..,..
Ireland,IRL,"Percentage of graduates from Science, Technology, Engineering and Mathematics programmes in tertiary education, both sexes (%)",UIS.FOSGP.5T8.F500600700,34.49975,30.80012,29.14853,29.41384,27.68567,..,..,..,..,21.18731,23.11527,..,25.08247,21.02224,21.59957,24.86665,25.23179,..,..,..,..,..,..,..,..,..
Isle of Man,IMN,"Percentage of graduates from Science, Technology, Engineering and Mathematics programmes in tertiary education, both sexes (%)",UIS.FOSGP.5T8.F500600700,..,..,..,..,..,..,..,..,..,..,..,..,..,..,..,..,..,..,..,..,..,..,..,..,..,..
Israel,ISR,"Percentage of graduates from Science, Technology, Engineering and Mathematics programmes in tertiary education, both sexes (%)",UIS.FOSGP.5T8.F500600700,..,..,..,..,..,..,..,..,..,..,..,..,..,..,..,..,..,..,..,..,..,..,..,..,..,..
Italy,ITA,"Percentage of graduates from Science, Technology, Engineering and Mathematics programmes in tertiary education, both sexes (%)",UIS.FOSGP.5T8.F500600700,23.28072,25.74424,23.9138,23.48022,22.10995,22.22629,21.70059,21.19488,19.80366,..,..,22.23914,20.7965,24.13217,23.84861,23.34581,23.2763,..,24.19916,..,..,..,..,..,..,..
Jamaica,JAM,"Percentage of graduates from Science, Technology, Engineering and Mathematics programmes in tertiary education, both sexes (%)",UIS.FOSGP.5T8.F500600700,..,..,..,..,..,..,..,..,..,..,..,..,..,..,..,..,..,..,..,..,..,..,..,..,..,..
Japan,JPN,"Percentage of graduates from Science, Technology, Engineering and Mathematics programmes in tertiary education, both sexes (%)",UIS.FOSGP.5T8.F500600700,..,..,..,..,..,..,..,..,..,..,..,..,..,..,..,..,..,..,..,..,..,..,..,..,..,..
Jordan,JOR,"Percentage of graduates from Science, Technology, Engineering and Mathematics programmes in tertiary education, both sexes (%)",UIS.FOSGP.5T8.F500600700,..,..,..,..,25.48843,28.19549,..,25.11195,..,..,..,..,..,..,..,26.36434,..,..,..,..,..,..,..,..,..,..
Kazakhstan,KAZ,"Percentage of graduates from Science, Technology, Engineering and Mathematics programmes in tertiary education, both sexes (%)",UIS.FOSGP.5T8.F500600700,..,..,..,..,..,..,..,..,..,..,..,..,..,..,..,..,26.41198,23.1779,24.84142,24.72934,..,..,..,..,..,..
Kenya,KEN,"Percentage of graduates from Science, Technology, Engineering and Mathematics programmes in tertiary education, both sexes (%)",UIS.FOSGP.5T8.F500600700,30.52544,30.34779,..,..,..,..,..,..,..,..,..,..,..,..,..,..,16.47824,..,..,..,..,..,..,..,..,..
Kiribati,KIR,"Percentage of graduates from Science, Technology, Engineering and Mathematics programmes in tertiary education, both sexes (%)",UIS.FOSGP.5T8.F500600700,..,..,..,..,..,..,..,..,..,..,..,..,..,..,..,..,..,..,..,..,..,..,..,..,..,..
"Korea, Dem. People's Rep.",PRK,"Percentage of graduates from Science, Technology, Engineering and Mathematics programmes in tertiary education, both sexes (%)",UIS.FOSGP.5T8.F500600700,..,..,..,..,..,..,..,..,..,..,..,..,..,..,..,41.80296,..,..,..,..,..,..,..,..,..,..
"Korea, Rep.",KOR,"Percentage of graduates from Science, Technology, Engineering and Mathematics programmes in tertiary education, both sexes (%)",UIS.FOSGP.5T8.F500600700,40.42146,41.41958,41.08398,40.77452,38.66942,37.43811,35.86754,34.28088,32.80393,31.2428,..,32.30718,..,..,..,29.54906,29.90567,29.3442,..,..,..,..,..,..,..,..
Kosovo,XKX,"Percentage of graduates from Science, Technology, Engineering and Mathematics programmes in tertiary education, both sexes (%)",UIS.FOSGP.5T8.F500600700,..,..,..,..,..,..,..,..,..,..,..,..,..,..,..,..,..,..,..,..,..,..,..,..,..,..
Kuwait,KWT,"Percentage of graduates from Science, Technology, Engineering and Mathematics programmes in tertiary education, both sexes (%)",UIS.FOSGP.5T8.F500600700,..,..,..,..,..,..,..,..,..,..,..,..,..,..,..,..,..,..,..,..,..,..,..,..,..,..
Kyrgyz Republic,KGZ,"Percentage of graduates from Science, Technology, Engineering and Mathematics programmes in tertiary education, both sexes (%)",UIS.FOSGP.5T8.F500600700,..,20.63197,16.19832,18.67472,14.61675,15.46308,15.7381,16.67571,15.56861,17.05521,16.71267,16.96389,16.67034,..,..,15.03566,19.21334,20.45438,20.79493,19.71237,..,..,..,..,..,..
Lao PDR,LAO,"Percentage of graduates from Science, Technology, Engineering and Mathematics programmes in tertiary education, both sexes (%)",UIS.FOSGP.5T8.F500600700,..,14.46648,..,..,7.34684,15.65134,..,..,..,11.91805,..,13.48023,12.00152,..,..,11.84921,12.42258,16.85877,22.4605,..,..,..,..,..,..,..
Late-demographic dividend,LTE,"Percentage of graduates from Science, Technology, Engineering and Mathematics programmes in tertiary education, both sexes (%)",UIS.FOSGP.5T8.F500600700,..,..,..,..,..,..,..,..,..,..,..,..,..,..,..,..,..,..,..,..,..,..,..,..,..,..
Latin America & Caribbean,LCN,"Percentage of graduates from Science, Technology, Engineering and Mathematics programmes in tertiary education, both sexes (%)",UIS.FOSGP.5T8.F500600700,..,..,..,..,..,..,..,..,..,..,..,..,..,..,..,..,..,..,..,..,..,..,..,..,..,..
Latin America & Caribbean (excluding high income),LAC,"Percentage of graduates from Science, Technology, Engineering and Mathematics programmes in tertiary education, both sexes (%)",UIS.FOSGP.5T8.F500600700,..,..,..,..,..,..,..,..,..,..,..,..,..,..,..,..,..,..,..,..,..,..,..,..,..,..
Latin America & the Caribbean (IDA & IBRD countries),TLA,"Percentage of graduates from Science, Technology, Engineering and Mathematics programmes in tertiary education, both sexes (%)",UIS.FOSGP.5T8.F500600700,..,..,..,..,..,..,..,..,..,..,..,..,..,..,..,..,..,..,..,..,..,..,..,..,..,..
Latvia,LVA,"Percentage of graduates from Science, Technology, Engineering and Mathematics programmes in tertiary education, both sexes (%)",UIS.FOSGP.5T8.F500600700,16.23853,12.31534,14.32045,13.93826,13.81016,13.50482,12.54638,12.94109,13.8312,14.29615,15.41157,16.86718,20.03539,19.05137,21.3145,20.45708,20.51785,20.87475,20.17184,..,..,..,..,..,..,..
Least developed countries: UN classification,LDC,"Percentage of graduates from Science, Technology, Engineering and Mathematics programmes in tertiary education, both sexes (%)",UIS.FOSGP.5T8.F500600700,..,..,..,..,..,..,..,..,..,..,..,..,..,..,..,..,..,..,..,..,..,..,..,..,..,..
Lebanon,LBN,"Percentage of graduates from Science, Technology, Engineering and Mathematics programmes in tertiary education, both sexes (%)",UIS.FOSGP.5T8.F500600700,20.82957,23.25454,22.69397,..,21.97965,20.83658,20.13985,23.14723,22.0361,25.13249,24.99133,23.41871,..,..,..,..,..,..,..,..,..,..,..,..,..,..
Lending category not classified,LNX,"Percentage of graduates from Science, Technology, Engineering and Mathematics programmes in tertiary education, both sexes (%)",UIS.FOSGP.5T8.F500600700,..,..,..,..,..,..,..,..,..,..,..,..,..,..,..,..,..,..,..,..,..,..,..,..,..,..
Lesotho,LSO,"Percentage of graduates from Science, Technology, Engineering and Mathematics programmes in tertiary education, both sexes (%)",UIS.FOSGP.5T8.F500600700,7.29927,5.47945,4.89845,..,..,..,..,..,..,..,..,..,12.55224,..,..,11.6723,..,..,15.35962,..,..,..,..,..,..,..
Liberia,LBR,"Percentage of graduates from Science, Technology, Engineering and Mathematics programmes in tertiary education, both sexes (%)",UIS.FOSGP.5T8.F500600700,32.31447,..,..,..,..,..,..,..,..,..,..,..,..,..,..,..,..,..,..,..,..,..,..,..,..,..
Libya,LBY,"Percentage of graduates from Science, Technology, Engineering and Mathematics programmes in tertiary education, both sexes (%)",UIS.FOSGP.5T8.F500600700,..,..,..,..,..,..,..,..,..,..,..,..,..,..,..,..,..,..,..,..,..,..,..,..,..,..
Liechtenstein,LIE,"Percentage of graduates from Science, Technology, Engineering and Mathematics programmes in tertiary education, both sexes (%)",UIS.FOSGP.5T8.F500600700,..,..,..,40.98361,5.47945,..,34.84848,31.50685,21.98582,14.62264,18.5,21.25984,24.89451,..,..,..,..,..,19.6319,..,..,..,..,..,..,..
Lithuania,LTU,"Percentage of graduates from Science, Technology, Engineering and Mathematics programmes in tertiary education, both sexes (%)",UIS.FOSGP.5T8.F500600700,26.75409,26.49339,23.97069,23.23097,22.75364,22.8814,23.06024,21.79454,22.3541,22.34538,22.23086,22.55464,23.38658,23.47383,23.71567,23.102,23.81498,25.66826,26.82268,..,..,..,..,..,..,..
Low & middle income,LMY,"Percentage of graduates from Science, Technology, Engineering and Mathematics programmes in tertiary education, both sexes (%)",UIS.FOSGP.5T8.F500600700,..,..,..,..,..,..,..,..,..,..,..,..,..,..,..,..,..,..,..,..,..,..,..,..,..,..
Low income,LIC,"Percentage of graduates from Science, Technology, Engineering and Mathematics programmes in tertiary education, both sexes (%)",UIS.FOSGP.5T8.F500600700,..,..,..,..,..,..,..,..,..,..,..,..,..,..,..,..,..,..,..,..,..,..,..,..,..,..
Lower middle income,LMC,"Percentage of graduates from Science, Technology, Engineering and Mathematics programmes in tertiary education, both sexes (%)",UIS.FOSGP.5T8.F500600700,..,..,..,..,..,..,..,..,..,..,..,..,..,..,..,..,..,..,..,..,..,..,..,..,..,..
Luxembourg,LUX,"Percentage of graduates from Science, Technology, Engineering and Mathematics programmes in tertiary education, both sexes (%)",UIS.FOSGP.5T8.F500600700,..,..,..,..,..,..,..,..,23.48993,..,..,..,14.74011,16.25239,13.91446,13.82668,17.89536,..,18.82487,..,..,..,..,..,..,..
"Macao SAR, China",MAC,"Percentage of graduates from Science, Technology, Engineering and Mathematics programmes in tertiary education, both sexes (%)",UIS.FOSGP.5T8.F500600700,..,3.20233,3.81498,2.59292,..,5.13688,4.9551,3.87041,3.91983,4.06993,4.51917,7.31222,5.42418,..,..,7.10219,6.03401,7.56614,7.66006,7.5675,..,..,..,..,..,..
Madagascar,MDG,"Percentage of graduates from Science, Technology, Engineering and Mathematics programmes in tertiary education, both sexes (%)",UIS.FOSGP.5T8.F500600700,..,..,..,..,..,20.08792,16.3023,21.33424,20.0183,21.59555,18.92373,..,..,..,22.53833,25.53224,23.24111,22.96212,23.84168,..,..,..,..,..,..,..
Malawi,MWI,"Percentage of graduates from Science, Technology, Engineering and Mathematics programmes in tertiary education, both sexes (%)",UIS.FOSGP.5T8.F500600700,..,..,..,..,..,..,..,..,..,..,..,..,..,..,..,..,..,..,..,..,..,..,..,..,..,..
Malaysia,MYS,"Percentage of graduates from Science, Technology, Engineering and Mathematics programmes in tertiary education, both sexes (%)",UIS.FOSGP.5T8.F500600700,..,..,..,..,45.02602,..,42.68079,45.46372,40.24145,37.72045,36.8559,37.82852,31.63178,..,..,..,..,..,40.7733,39.17365,..,..,..,..,..,..
Maldives,MDV,"Percentage of graduates from Science, Technology, Engineering and Mathematics programmes in tertiary education, both sexes (%)",UIS.FOSGP.5T8.F500600700,..,..,..,..,..,..,..,..,..,..,..,..,..,..,..,..,..,5.11159,..,..,..,..,..,..,..,..
Mali,MLI,"Percentage of graduates from Science, Technology, Engineering and Mathematics programmes in tertiary education, both sexes (%)",UIS.FOSGP.5T8.F500600700,..,..,..,..,..,..,..,..,..,..,..,..,..,..,..,..,..,..,..,..,..,..,..,..,..,..
Malta,MLT,"Percentage of graduates from Science, Technology, Engineering and Mathematics programmes in tertiary education, both sexes (%)",UIS.FOSGP.5T8.F500600700,11.9818,9.63555,8.61884,9.13086,10.30303,7.55199,11.09865,..,12.85817,15.04923,16.6612,21.9275,..,25.29582,24.89806,24.7913,18.02874,20.30568,..,..,..,..,..,..,..,..
Marshall Islands,MHL,"Percentage of graduates from Science, Technology, Engineering and Mathematics programmes in tertiary education, both sexes (%)",UIS.FOSGP.5T8.F500600700,..,..,..,..,..,..,..,..,..,..,..,..,..,..,..,..,..,..,..,0,..,..,..,..,..,..
Mauritania,MRT,"Percentage of graduates from Science, Technology, Engineering and Mathematics programmes in tertiary education, both sexes (%)",UIS.FOSGP.5T8.F500600700,..,..,..,..,..,..,..,..,..,..,..,..,..,..,..,..,20.23064,30.1813,..,..,..,..,..,..,..,..
Mauritius,MUS,"Percentage of graduates from Science, Technology, Engineering and Mathematics programmes in tertiary education, both sexes (%)",UIS.FOSGP.5T8.F500600700,..,..,..,..,..,..,..,..,..,..,..,..,..,..,..,..,..,23.31118,..,..,..,..,..,..,..,..
Mayotte,MYT,"Percentage of graduates from Science, Technology, Engineering and Mathematics programmes in tertiary education, both sexes (%)",UIS.FOSGP.5T8.F500600700,..,..,..,..,..,..,..,..,..,..,..,..,..,..,..,..,..,..,..,..,..,..,..,..,..,..
Mexico,MEX,"Percentage of graduates from Science, Technology, Engineering and Mathematics programmes in tertiary education, both sexes (%)",UIS.FOSGP.5T8.F500600700,24.36202,25.09962,25.39452,28.92856,..,27.66677,27.3285,26.67838,26.60038,25.92022,25.48405,26.80296,..,27.48952,28.09653,27.89731,25.48286,25.23914,..,..,..,..,..,..,..,..
"Micronesia, Fed. Sts.",FSM,"Percentage of graduates from Science, Technology, Engineering and Mathematics programmes in tertiary education, both sexes (%)",UIS.FOSGP.5T8.F500600700,..,..,..,..,..,..,..,..,..,..,..,..,..,..,..,..,..,..,..,..,..,..,..,..,..,..
Middle East & North Africa,MEA,"Percentage of graduates from Science, Technology, Engineering and Mathematics programmes in tertiary education, both sexes (%)",UIS.FOSGP.5T8.F500600700,..,..,..,..,..,..,..,..,..,..,..,..,..,..,..,..,..,..,..,..,..,..,..,..,..,..
Middle East & North Africa (excluding high income),MNA,"Percentage of graduates from Science, Technology, Engineering and Mathematics programmes in tertiary education, both sexes (%)",UIS.FOSGP.5T8.F500600700,..,..,..,..,..,..,..,..,..,..,..,..,..,..,..,..,..,..,..,..,..,..,..,..,..,..
Middle East & North Africa (IDA & IBRD countries),TMN,"Percentage of graduates from Science, Technology, Engineering and Mathematics programmes in tertiary education, both sexes (%)",UIS.FOSGP.5T8.F500600700,..,..,..,..,..,..,..,..,..,..,..,..,..,..,..,..,..,..,..,..,..,..,..,..,..,..
Middle income,MIC,"Percentage of graduates from Science, Technology, Engineering and Mathematics programmes in tertiary education, both sexes (%)",UIS.FOSGP.5T8.F500600700,..,..,..,..,..,..,..,..,..,..,..,..,..,..,..,..,..,..,..,..,..,..,..,..,..,..
Moldova,MDA,"Percentage of graduates from Science, Technology, Engineering and Mathematics programmes in tertiary education, both sexes (%)",UIS.FOSGP.5T8.F500600700,..,..,..,..,..,..,..,..,..,..,..,..,..,..,24.95824,22.3084,..,..,23.47611,24.76057,..,..,..,..,..,..
Monaco,MCO,"Percentage of graduates from Science, Technology, Engineering and Mathematics programmes in tertiary education, both sexes (%)",UIS.FOSGP.5T8.F500600700,..,..,..,..,..,..,..,..,..,..,..,..,..,..,..,..,0,0,0,0,0,..,..,..,..,..
Mongolia,MNG,"Percentage of graduates from Science, Technology, Engineering and Mathematics programmes in tertiary education, both sexes (%)",UIS.FOSGP.5T8.F500600700,22.89751,20.24482,19.1387,19.61835,18.21972,18.84181,19.54038,18.2782,17.37897,18.6112,18.55836,18.88024,..,..,..,..,20.26526,21.5507,25.33603,..,..,..,..,..,..,..
Montenegro,MNE,"Percentage of graduates from Science, Technology, Engineering and Mathematics programmes in tertiary education, both sexes (%)",UIS.FOSGP.5T8.F500600700,..,..,..,..,..,..,..,..,..,..,..,..,..,..,..,..,..,..,..,20.45364,..,..,..,..,..,..
Montserrat,MSR,"Percentage of graduates from Science, Technology, Engineering and Mathematics programmes in tertiary education, both sexes (%)",UIS.FOSGP.5T8.F500600700,..,..,..,..,..,..,..,..,..,..,..,..,..,..,..,..,..,..,..,..,..,..,..,..,..,..
Morocco,MAR,"Percentage of graduates from Science, Technology, Engineering and Mathematics programmes in tertiary education, both sexes (%)",UIS.FOSGP.5T8.F500600700,..,18.40243,..,..,..,..,..,23.87647,33.65377,35.94377,35.25824,..,..,..,..,17.12025,18.44541,19.04937,..,18.95167,..,..,..,..,..,..
Mozambique,MOZ,"Percentage of graduates from Science, Technology, Engineering and Mathematics programmes in tertiary education, both sexes (%)",UIS.FOSGP.5T8.F500600700,..,..,..,..,15.32314,12.14385,7.59825,..,10.75177,10.73765,..,..,4.19029,..,..,10.0882,11.87788,9.03266,9.56001,..,..,..,..,..,..,..
Myanmar,MMR,"Percentage of graduates from Science, Technology, Engineering and Mathematics programmes in tertiary education, both sexes (%)",UIS.FOSGP.5T8.F500600700,..,..,..,..,..,..,..,..,..,..,..,..,..,..,..,..,..,..,33.6678,..,..,..,..,..,..,..
Namibia,NAM,"Percentage of graduates from Science, Technology, Engineering and Mathematics programmes in tertiary education, both sexes (%)",UIS.FOSGP.5T8.F500600700,..,1.97044,..,6.76426,..,3.75909,..,..,..,..,..,..,..,..,17.89211,16.1762,12.97532,12.11935,..,..,..,..,..,..,..,..
Nauru,NRU,"Percentage of graduates from Science, Technology, Engineering and Mathematics programmes in tertiary education, both sexes (%)",UIS.FOSGP.5T8.F500600700,..,..,..,..,..,..,..,..,..,..,..,..,..,..,..,..,..,..,..,..,..,..,..,..,..,..
Nepal,NPL,"Percentage of graduates from Science, Technology, Engineering and Mathematics programmes in tertiary education, both sexes (%)",UIS.FOSGP.5T8.F500600700,..,..,..,..,..,..,..,..,..,..,..,..,..,..,..,..,..,..,..,..,..,..,..,..,..,..
Netherlands,NLD,"Percentage of graduates from Science, Technology, Engineering and Mathematics programmes in tertiary education, both sexes (%)",UIS.FOSGP.5T8.F500600700,16.31535,16.1048,16.4476,..,16.66116,..,..,..,..,..,14.08997,..,..,13.8436,14.14242,..,..,16.61629,17.45106,..,..,..,..,..,..,..
Netherlands Antilles,ANT,"Percentage of graduates from Science, Technology, Engineering and Mathematics programmes in tertiary education, both sexes (%)",UIS.FOSGP.5T8.F500600700,20.03515,..,..,..,..,..,..,..,..,..,..,..,..,..,..,..,..,..,..,..,..,..,..,..,..,..
New Caledonia,NCL,"Percentage of graduates from Science, Technology, Engineering and Mathematics programmes in tertiary education, both sexes (%)",UIS.FOSGP.5T8.F500600700,..,..,..,..,..,..,..,..,..,..,..,..,..,..,..,..,..,..,..,..,..,..,..,..,..,..
New Zealand,NZL,"Percentage of graduates from Science, Technology, Engineering and Mathematics programmes in tertiary education, both sexes (%)",UIS.FOSGP.5T8.F500600700,..,..,..,..,..,18.3037,..,..,..,..,..,..,..,19.20399,19.58667,20.34435,19.88539,21.17613,21.3766,..,..,..,..,..,..,..
Nicaragua,NIC,"Percentage of graduates from Science, Technology, Engineering and Mathematics programmes in tertiary education, both sexes (%)",UIS.FOSGP.5T8.F500600700,..,..,..,..,..,..,..,..,..,..,..,..,..,..,..,..,..,..,..,..,..,..,..,..,..,..
Niger,NER,"Percentage of graduates from Science, Technology, Engineering and Mathematics programmes in tertiary education, both sexes (%)",UIS.FOSGP.5T8.F500600700,..,24.84775,..,..,..,..,..,..,..,..,..,..,..,..,..,13.71661,15.42273,13.21822,10.42153,12.34282,..,..,..,..,..,..
Nigeria,NGA,"Percentage of graduates from Science, Technology, Engineering and Mathematics programmes in tertiary education, both sexes (%)",UIS.FOSGP.5T8.F500600700,..,..,..,..,..,..,..,..,..,..,..,..,..,..,..,..,..,..,..,..,..,..,..,..,..,..
Niue,NIU,"Percentage of graduates from Science, Technology, Engineering and Mathematics programmes in tertiary education, both sexes (%)",UIS.FOSGP.5T8.F500600700,..,..,..,..,..,..,..,..,..,..,..,..,..,..,..,..,..,..,..,..,..,..,..,..,..,..
North America,NAC,"Percentage of graduates from Science, Technology, Engineering and Mathematics programmes in tertiary education, both sexes (%)",UIS.FOSGP.5T8.F500600700,..,..,..,..,..,..,..,..,..,..,..,..,..,..,..,..,..,..,..,..,..,..,..,..,..,..
North Macedonia,MKD,"Percentage of graduates from Science, Technology, Engineering and Mathematics programmes in tertiary education, both sexes (%)",UIS.FOSGP.5T8.F500600700,30.91613,27.75378,26.87915,23.78426,23.32755,23.246,21.68897,17.51348,17.84407,21.78916,19.62565,21.32294,19.47129,22.21244,21.79728,19.95693,..,21.88985,23.57012,..,..,..,..,..,..,..
Northern Mariana Islands,MNP,"Percentage of graduates from Science, Technology, Engineering and Mathematics programmes in tertiary education, both sexes (%)",UIS.FOSGP.5T8.F500600700,..,..,..,..,..,..,..,..,..,..,..,..,..,..,..,..,..,..,..,..,..,..,..,..,..,..
Norway,NOR,"Percentage of graduates from Science, Technology, Engineering and Mathematics programmes in tertiary education, both sexes (%)",UIS.FOSGP.5T8.F500600700,16.7062,16.58357,15.74936,..,16.48088,16.3478,..,15.65708,15.73906,15.7996,16.57795,..,16.32309,19.73375,20.16673,21.00514,20.49174,22.10417,..,..,..,..,..,..,..,..
OECD members,OED,"Percentage of graduates from Science, Technology, Engineering and Mathematics programmes in tertiary education, both sexes (%)",UIS.FOSGP.5T8.F500600700,..,..,..,..,..,..,..,..,..,..,..,..,..,..,..,..,..,..,..,..,..,..,..,..,..,..
Oman,OMN,"Percentage of graduates from Science, Technology, Engineering and Mathematics programmes in tertiary education, both sexes (%)",UIS.FOSGP.5T8.F500600700,..,..,..,..,..,..,..,27.67006,..,33.72617,38.93986,..,..,..,..,42.53695,44.80853,46.27012,46.1452,44.49869,..,..,..,..,..,..
Other small states,OSS,"Percentage of graduates from Science, Technology, Engineering and Mathematics programmes in tertiary education, both sexes (%)",UIS.FOSGP.5T8.F500600700,..,..,..,..,..,..,..,..,..,..,..,..,..,..,..,..,..,..,..,..,..,..,..,..,..,..
Pacific island small states,PSS,"Percentage of graduates from Science, Technology, Engineering and Mathematics programmes in tertiary education, both sexes (%)",UIS.FOSGP.5T8.F500600700,..,..,..,..,..,..,..,..,..,..,..,..,..,..,..,..,..,..,..,..,..,..,..,..,..,..
Pakistan,PAK,"Percentage of graduates from Science, Technology, Engineering and Mathematics programmes in tertiary education, both sexes (%)",UIS.FOSGP.5T8.F500600700,..,..,..,..,..,..,..,..,..,..,..,..,..,..,..,..,..,..,..,..,..,..,..,..,..,..
Palau,PLW,"Percentage of graduates from Science, Technology, Engineering and Mathematics programmes in tertiary education, both sexes (%)",UIS.FOSGP.5T8.F500600700,..,..,..,..,..,..,..,..,..,..,..,..,..,..,..,..,..,..,..,..,..,..,..,..,..,..
Panama,PAN,"Percentage of graduates from Science, Technology, Engineering and Mathematics programmes in tertiary education, both sexes (%)",UIS.FOSGP.5T8.F500600700,..,..,18.37003,19.66503,14.35004,19.25296,20.44819,20.70162,19.52424,19.33567,19.78828,22.30391,..,..,16.52119,17.24098,15.42653,..,..,..,..,..,..,..,..,..
Papua New Guinea,PNG,"Percentage of graduates from Science, Technology, Engineering and Mathematics programmes in tertiary education, both sexes (%)",UIS.FOSGP.5T8.F500600700,..,..,..,..,..,..,..,..,..,..,..,..,..,..,..,..,..,..,..,..,..,..,..,..,..,..
Paraguay,PRY,"Percentage of graduates from Science, Technology, Engineering and Mathematics programmes in tertiary education, both sexes (%)",UIS.FOSGP.5T8.F500600700,..,..,..,..,..,..,..,..,..,..,..,..,..,..,..,..,..,..,..,..,..,..,..,..,..,..
Peru,PER,"Percentage of graduates from Science, Technology, Engineering and Mathematics programmes in tertiary education, both sexes (%)",UIS.FOSGP.5T8.F500600700,..,..,..,..,..,..,..,..,..,..,..,..,..,..,..,..,23.46783,29.64282,..,..,..,..,..,..,..,..
Philippines,PHL,"Percentage of graduates from Science, Technology, Engineering and Mathematics programmes in tertiary education, both sexes (%)",UIS.FOSGP.5T8.F500600700,..,..,..,..,..,..,..,..,..,..,..,..,..,..,..,..,..,28.73975,..,..,..,..,..,..,..,..
Poland,POL,"Percentage of graduates from Science, Technology, Engineering and Mathematics programmes in tertiary education, both sexes (%)",UIS.FOSGP.5T8.F500600700,..,..,..,..,..,..,..,..,..,..,..,17.73812,18.07946,18.76651,20.40899,22.26564,22.85764,22.94082,21.65399,..,..,..,..,..,..,..
Portugal,PRT,"Percentage of graduates from Science, Technology, Engineering and Mathematics programmes in tertiary education, both sexes (%)",UIS.FOSGP.5T8.F500600700,18.52333,..,19.43118,20.38651,23.67582,24.96655,24.40123,29.29003,31.75183,30.08108,26.26417,26.113,26.43957,27.48058,27.81827,27.90508,29.02334,29.09365,..,..,..,..,..,..,..,..
Post-demographic dividend,PST,"Percentage of graduates from Science, Technology, Engineering and Mathematics programmes in tertiary education, both sexes (%)",UIS.FOSGP.5T8.F500600700,..,..,..,..,..,..,..,..,..,..,..,..,..,..,..,..,..,..,..,..,..,..,..,..,..,..
Pre-demographic dividend,PRE,"Percentage of graduates from Science, Technology, Engineering and Mathematics programmes in tertiary education, both sexes (%)",UIS.FOSGP.5T8.F500600700,..,..,..,..,..,..,..,..,..,..,..,..,..,..,..,..,..,..,..,..,..,..,..,..,..,..
Puerto Rico,PRI,"Percentage of graduates from Science, Technology, Engineering and Mathematics programmes in tertiary education, both sexes (%)",UIS.FOSGP.5T8.F500600700,..,..,..,..,..,..,..,..,20.1188,17.18319,..,17.23528,15.93222,..,16.84894,17.44163,17.72662,..,18.14634,..,..,..,..,..,..,..
Qatar,QAT,"Percentage of graduates from Science, Technology, Engineering and Mathematics programmes in tertiary education, both sexes (%)",UIS.FOSGP.5T8.F500600700,21.02564,20.30303,16.95192,16.45022,..,..,..,..,23.14142,20.62615,24.00246,29.80952,33.57034,..,..,..,29.7037,22.93063,22.54967,24.23355,..,..,..,..,..,..
Romania,ROU,"Percentage of graduates from Science, Technology, Engineering and Mathematics programmes in tertiary education, both sexes (%)",UIS.FOSGP.5T8.F500600700,25.131,24.09157,..,..,22.9615,22.52738,20.33909,19.68456,17.1086,23.30726,17.86645,21.05117,..,26.78383,27.99336,28.34849,28.77131,..,..,..,..,..,..,..,..,..
Russian Federation,RUS,"Percentage of graduates from Science, Technology, Engineering and Mathematics programmes in tertiary education, both sexes (%)",UIS.FOSGP.5T8.F500600700,..,..,..,..,..,..,..,..,..,28.94748,..,..,..,27.04776,..,29.01871,30.8985,29.96154,31.05893,..,..,..,..,..,..,..
Rwanda,RWA,"Percentage of graduates from Science, Technology, Engineering and Mathematics programmes in tertiary education, both sexes (%)",UIS.FOSGP.5T8.F500600700,..,..,..,..,..,..,..,..,..,..,..,..,..,..,..,..,..,13.75139,16.27052,12.9586,..,..,..,..,..,..
Samoa,WSM,"Percentage of graduates from Science, Technology, Engineering and Mathematics programmes in tertiary education, both sexes (%)",UIS.FOSGP.5T8.F500600700,24.38424,..,..,..,..,..,..,..,..,..,..,..,..,..,..,..,..,9.31559,9.3178,..,..,..,..,..,..,..
San Marino,SMR,"Percentage of graduates from Science, Technology, Engineering and Mathematics programmes in tertiary education, both sexes (%)",UIS.FOSGP.5T8.F500600700,..,..,..,..,..,..,..,..,..,..,..,..,..,..,..,..,..,..,13.73626,..,..,..,..,..,..,..
Sao Tome and Principe,STP,"Percentage of graduates from Science, Technology, Engineering and Mathematics programmes in tertiary education, both sexes (%)",UIS.FOSGP.5T8.F500600700,..,..,..,..,..,..,..,..,..,..,..,..,..,..,..,..,..,..,..,..,..,..,..,..,..,..
Saudi Arabia,SAU,"Percentage of graduates from Science, Technology, Engineering and Mathematics programmes in tertiary education, both sexes (%)",UIS.FOSGP.5T8.F500600700,..,..,..,..,9.39906,18.30533,31.65115,24.5527,24.9019,24.68732,35.79497,34.37904,29.25926,..,..,23.92368,23.15075,21.91364,21.13605,22.03462,..,..,..,..,..,..
Senegal,SEN,"Percentage of graduates from Science, Technology, Engineering and Mathematics programmes in tertiary education, both sexes (%)",UIS.FOSGP.5T8.F500600700,..,..,..,..,..,..,..,..,..,..,..,..,..,..,..,..,..,..,..,..,..,..,..,..,..,..
Serbia,SRB,"Percentage of graduates from Science, Technology, Engineering and Mathematics programmes in tertiary education, both sexes (%)",UIS.FOSGP.5T8.F500600700,..,..,..,..,..,..,..,24.68147,21.91577,22.1231,24.48502,26.19037,26.1768,..,..,25.87672,25.90907,26.63772,28.12624,28.35468,..,..,..,..,..,..
Seychelles,SYC,"Percentage of graduates from Science, Technology, Engineering and Mathematics programmes in tertiary education, both sexes (%)",UIS.FOSGP.5T8.F500600700,..,..,..,..,..,..,..,..,..,..,..,25,0,..,..,15.55556,16.23377,15.69767,17.23356,19.85158,..,..,..,..,..,..
Sierra Leone,SLE,"Percentage of graduates from Science, Technology, Engineering and Mathematics programmes in tertiary education, both sexes (%)",UIS.FOSGP.5T8.F500600700,3.127,..,..,..,..,..,..,..,..,..,..,..,..,..,..,..,..,..,..,..,..,..,..,..,..,..
Singapore,SGP,"Percentage of graduates from Science, Technology, Engineering and Mathematics programmes in tertiary education, both sexes (%)",UIS.FOSGP.5T8.F500600700,..,..,..,..,..,..,..,..,..,..,..,..,..,..,..,..,34.50148,34.92926,33.47918,..,..,..,..,..,..,..
Sint Maarten (Dutch part),SXM,"Percentage of graduates from Science, Technology, Engineering and Mathematics programmes in tertiary education, both sexes (%)",UIS.FOSGP.5T8.F500600700,..,..,..,..,..,..,..,..,..,..,..,..,..,..,..,8.51064,..,..,..,..,..,..,..,..,..,..
Slovak Republic,SVK,"Percentage of graduates from Science, Technology, Engineering and Mathematics programmes in tertiary education, both sexes (%)",UIS.FOSGP.5T8.F500600700,22.25649,26.6253,26.13451,25.09419,25.04029,26.81014,24.57328,24.34291,21.30532,21.17191,21.21614,20.74011,21.08216,20.99213,20.83573,21.1403,..,21.17261,22.07255,..,..,..,..,..,..,..
Slovenia,SVN,"Percentage of graduates from Science, Technology, Engineering and Mathematics programmes in tertiary education, both sexes (%)",UIS.FOSGP.5T8.F500600700,..,20.33192,20.02381,18.74237,..,19.14233,17.16535,18.11751,18.98264,19.25518,22.08795,24.295,25.46611,27.10036,26.78984,25.6508,..,26.6132,27.23022,..,..,..,..,..,..,..
Small states,SST,"Percentage of graduates from Science, Technology, Engineering and Mathematics programmes in tertiary education, both sexes (%)",UIS.FOSGP.5T8.F500600700,..,..,..,..,..,..,..,..,..,..,..,..,..,..,..,..,..,..,..,..,..,..,..,..,..,..
Solomon Islands,SLB,"Percentage of graduates from Science, Technology, Engineering and Mathematics programmes in tertiary education, both sexes (%)",UIS.FOSGP.5T8.F500600700,..,..,..,..,..,..,..,..,..,..,..,..,..,..,..,..,..,..,..,..,..,..,..,..,..,..
Somalia,SOM,"Percentage of graduates from Science, Technology, Engineering and Mathematics programmes in tertiary education, both sexes (%)",UIS.FOSGP.5T8.F500600700,..,..,..,..,..,..,..,..,..,..,..,..,..,..,..,..,..,..,..,..,..,..,..,..,..,..
South Africa,ZAF,"Percentage of graduates from Science, Technology, Engineering and Mathematics programmes in tertiary education, both sexes (%)",UIS.FOSGP.5T8.F500600700,..,..,..,..,..,..,..,..,..,..,..,..,..,..,19.5515,19.58884,18.48507,18.57234,18.28119,..,..,..,..,..,..,..
South Asia,SAS,"Percentage of graduates from Science, Technology, Engineering and Mathematics programmes in tertiary education, both sexes (%)",UIS.FOSGP.5T8.F500600700,..,..,..,..,..,..,..,..,..,..,..,..,..,..,..,..,..,..,..,..,..,..,..,..,..,..
South Asia (IDA & IBRD),TSA,"Percentage of graduates from Science, Technology, Engineering and Mathematics programmes in tertiary education, both sexes (%)",UIS.FOSGP.5T8.F500600700,..,..,..,..,..,..,..,..,..,..,..,..,..,..,..,..,..,..,..,..,..,..,..,..,..,..
South Sudan,SSD,"Percentage of graduates from Science, Technology, Engineering and Mathematics programmes in tertiary education, both sexes (%)",UIS.FOSGP.5T8.F500600700,..,..,..,..,..,..,..,..,..,..,..,..,..,..,..,..,..,..,..,..,..,..,..,..,..,..
Spain,ESP,"Percentage of graduates from Science, Technology, Engineering and Mathematics programmes in tertiary education, both sexes (%)",UIS.FOSGP.5T8.F500600700,25.42915,27.28025,27.93446,28.97753,28.76682,27.89454,27.54785,27.14931,26.72247,26.40215,26.30594,25.8396,22.78545,25.78224,24.65685,25.37436,23.8804,23.45458,22.26665,..,..,..,..,..,..,..
Sri Lanka,LKA,"Percentage of graduates from Science, Technology, Engineering and Mathematics programmes in tertiary education, both sexes (%)",UIS.FOSGP.5T8.F500600700,..,..,..,..,..,..,..,..,..,..,..,..,..,..,..,..,..,..,..,..,..,..,..,..,..,..
St. Kitts and Nevis,KNA,"Percentage of graduates from Science, Technology, Engineering and Mathematics programmes in tertiary education, both sexes (%)",UIS.FOSGP.5T8.F500600700,..,..,..,..,..,..,..,..,..,..,..,..,..,..,..,..,..,..,..,..,..,..,..,..,..,..
St. Lucia,LCA,"Percentage of graduates from Science, Technology, Engineering and Mathematics programmes in tertiary education, both sexes (%)",UIS.FOSGP.5T8.F500600700,..,..,..,..,..,..,..,..,..,..,..,..,..,..,..,..,..,..,..,..,..,..,..,..,..,..
St. Martin (French part),MAF,"Percentage of graduates from Science, Technology, Engineering and Mathematics programmes in tertiary education, both sexes (%)",UIS.FOSGP.5T8.F500600700,..,..,..,..,..,..,..,..,..,..,..,..,..,..,..,..,..,..,..,..,..,..,..,..,..,..
St. Vincent and the Grenadines,VCT,"Percentage of graduates from Science, Technology, Engineering and Mathematics programmes in tertiary education, both sexes (%)",UIS.FOSGP.5T8.F500600700,..,..,..,..,..,..,..,..,..,..,..,..,..,..,..,..,..,..,..,..,..,..,..,..,..,..
Sub-Saharan Africa,SSF,"Percentage of graduates from Science, Technology, Engineering and Mathematics programmes in tertiary education, both sexes (%)",UIS.FOSGP.5T8.F500600700,..,..,..,..,..,..,..,..,..,..,..,..,..,..,..,..,..,..,..,..,..,..,..,..,..,..
Sub-Saharan Africa (excluding high income),SSA,"Percentage of graduates from Science, Technology, Engineering and Mathematics programmes in tertiary education, both sexes (%)",UIS.FOSGP.5T8.F500600700,..,..,..,..,..,..,..,..,..,..,..,..,..,..,..,..,..,..,..,..,..,..,..,..,..,..
Sub-Saharan Africa (IDA & IBRD countries),TSS,"Percentage of graduates from Science, Technology, Engineering and Mathematics programmes in tertiary education, both sexes (%)",UIS.FOSGP.5T8.F500600700,..,..,..,..,..,..,..,..,..,..,..,..,..,..,..,..,..,..,..,..,..,..,..,..,..,..
Sudan,SDN,"Percentage of graduates from Science, Technology, Engineering and Mathematics programmes in tertiary education, both sexes (%)",UIS.FOSGP.5T8.F500600700,..,..,..,..,..,..,..,..,..,..,..,..,16.02063,..,..,28.62498,..,..,..,..,..,..,..,..,..,..
Suriname,SUR,"Percentage of graduates from Science, Technology, Engineering and Mathematics programmes in tertiary education, both sexes (%)",UIS.FOSGP.5T8.F500600700,..,..,..,..,..,..,..,..,..,..,..,..,..,..,..,..,..,..,..,..,..,..,..,..,..,..
Sweden,SWE,"Percentage of graduates from Science, Technology, Engineering and Mathematics programmes in tertiary education, both sexes (%)",UIS.FOSGP.5T8.F500600700,31.07808,32.61973,32.33111,30.94133,29.10763,26.06456,26.02511,24.15412,23.86542,24.41585,25.6236,25.98305,27.33253,25.90476,..,25.99305,26.59002,27.50337,26.6392,..,..,..,..,..,..,..
Switzerland,CHE,"Percentage of graduates from Science, Technology, Engineering and Mathematics programmes in tertiary education, both sexes (%)",UIS.FOSGP.5T8.F500600700,25.27604,24.39791,23.94322,22.54016,22.48036,23.97431,22.97433,..,21.36357,22.35676,20.72265,21.82392,..,23.03044,23.25598,24.38325,24.53046,24.8523,25.21237,..,..,..,..,..,..,..
Syrian Arab Republic,SYR,"Percentage of graduates from Science, Technology, Engineering and Mathematics programmes in tertiary education, both sexes (%)",UIS.FOSGP.5T8.F500600700,..,..,..,..,..,..,..,..,..,..,..,..,..,..,..,..,22.96364,..,..,..,..,..,..,..,..,..
Tajikistan,TJK,"Percentage of graduates from Science, Technology, Engineering and Mathematics programmes in tertiary education, both sexes (%)",UIS.FOSGP.5T8.F500600700,..,..,..,..,..,..,..,..,..,..,..,..,..,..,..,..,21.45016,22.03607,..,..,..,..,..,..,..,..
Tanzania,TZA,"Percentage of graduates from Science, Technology, Engineering and Mathematics programmes in tertiary education, both sexes (%)",UIS.FOSGP.5T8.F500600700,..,..,..,..,..,..,..,..,..,..,..,..,..,..,..,..,..,..,..,9.50237,..,..,..,..,..,..
Thailand,THA,"Percentage of graduates from Science, Technology, Engineering and Mathematics programmes in tertiary education, both sexes (%)",UIS.FOSGP.5T8.F500600700,..,..,..,..,..,..,..,..,..,..,..,..,..,..,..,26.76973,27.85502,..,..,..,..,..,..,..,..,..
Timor-Leste,TLS,"Percentage of graduates from Science, Technology, Engineering and Mathematics programmes in tertiary education, both sexes (%)",UIS.FOSGP.5T8.F500600700,..,..,..,..,..,..,..,..,..,..,..,..,..,..,..,..,..,..,..,..,..,..,..,..,..,..
Togo,TGO,"Percentage of graduates from Science, Technology, Engineering and Mathematics programmes in tertiary education, both sexes (%)",UIS.FOSGP.5T8.F500600700,..,..,..,..,..,..,..,..,..,..,..,..,..,..,..,..,..,..,..,..,..,..,..,..,..,..
Tokelau,TKL,"Percentage of graduates from Science, Technology, Engineering and Mathematics programmes in tertiary education, both sexes (%)",UIS.FOSGP.5T8.F500600700,..,..,..,..,..,..,..,..,..,..,..,..,..,..,..,..,..,..,..,..,..,..,..,..,..,..
Tonga,TON,"Percentage of graduates from Science, Technology, Engineering and Mathematics programmes in tertiary education, both sexes (%)",UIS.FOSGP.5T8.F500600700,..,..,..,..,..,..,..,..,..,..,..,..,..,..,..,..,..,..,..,..,..,..,..,..,..,..
Trinidad and Tobago,TTO,"Percentage of graduates from Science, Technology, Engineering and Mathematics programmes in tertiary education, both sexes (%)",UIS.FOSGP.5T8.F500600700,..,..,..,..,..,..,..,..,..,..,..,..,..,..,..,..,..,..,..,..,..,..,..,..,..,..
Tunisia,TUN,"Percentage of graduates from Science, Technology, Engineering and Mathematics programmes in tertiary education, both sexes (%)",UIS.FOSGP.5T8.F500600700,..,..,..,..,..,..,..,..,..,..,..,..,43.08377,..,..,44.36637,44.44444,..,43.25471,..,..,..,..,..,..,..
Turkiye,TUR,"Percentage of graduates from Science, Technology, Engineering and Mathematics programmes in tertiary education, both sexes (%)",UIS.FOSGP.5T8.F500600700,30.65551,..,..,..,29.29096,28.45119,22.42009,21.9365,22.30426,21.27565,20.62691,22.60329,21.23849,..,20.21065,..,..,..,19.44189,..,..,..,..,..,..,..
Turkmenistan,TKM,"Percentage of graduates from Science, Technology, Engineering and Mathematics programmes in tertiary education, both sexes (%)",UIS.FOSGP.5T8.F500600700,..,..,..,..,..,..,..,..,..,..,..,..,..,..,..,..,..,..,..,..,..,..,..,..,..,..
Turks and Caicos Islands,TCA,"Percentage of graduates from Science, Technology, Engineering and Mathematics programmes in tertiary education, both sexes (%)",UIS.FOSGP.5T8.F500600700,..,..,..,..,..,..,..,..,..,..,..,..,..,..,..,..,..,..,..,..,..,..,..,..,..,..
Tuvalu,TUV,"Percentage of graduates from Science, Technology, Engineering and Mathematics programmes in tertiary education, both sexes (%)",UIS.FOSGP.5T8.F500600700,..,..,..,..,..,..,..,..,..,..,..,..,..,..,..,..,..,..,..,..,..,..,..,..,..,..
Uganda,UGA,"Percentage of graduates from Science, Technology, Engineering and Mathematics programmes in tertiary education, both sexes (%)",UIS.FOSGP.5T8.F500600700,14.4146,..,..,..,11.07541,..,..,..,..,..,..,..,..,..,..,..,..,..,..,..,..,..,..,..,..,..
Ukraine,UKR,"Percentage of graduates from Science, Technology, Engineering and Mathematics programmes in tertiary education, both sexes (%)",UIS.FOSGP.5T8.F500600700,..,30.62811,28.70752,26.51763,..,25.05304,24.84074,24.76849,24.77427,25.86379,26.44123,26.49758,25.75535,..,..,26.73137,26.65357,24.21928,25.28449,25.05327,..,..,..,..,..,..
United Arab Emirates,ARE,"Percentage of graduates from Science, Technology, Engineering and Mathematics programmes in tertiary education, both sexes (%)",UIS.FOSGP.5T8.F500600700,..,..,..,..,..,..,..,..,..,..,..,25.68419,26.21099,..,..,21.81909,21.99404,27.7327,..,..,..,..,..,..,..,..
United Kingdom,GBR,"Percentage of graduates from Science, Technology, Engineering and Mathematics programmes in tertiary education, both sexes (%)",UIS.FOSGP.5T8.F500600700,24.92055,27.50637,26.96746,25.90254,22.77504,22.20188,21.77257,21.69634,21.40639,21.81573,22.45952,22.43764,21.93527,25.18131,25.59525,26.1469,26.31962,..,..,..,..,..,..,..,..,..
Upper middle income,UMC,"Percentage of graduates from Science, Technology, Engineering and Mathematics programmes in tertiary education, both sexes (%)",UIS.FOSGP.5T8.F500600700,..,..,..,..,..,..,..,..,..,..,..,..,..,..,..,..,..,..,..,..,..,..,..,..,..,..
Uruguay,URY,"Percentage of graduates from Science, Technology, Engineering and Mathematics programmes in tertiary education, both sexes (%)",UIS.FOSGP.5T8.F500600700,..,..,..,..,..,..,..,11.73894,12.0169,13.63741,15.60058,..,..,..,..,..,..,17.45411,..,..,..,..,..,..,..,..
Uzbekistan,UZB,"Percentage of graduates from Science, Technology, Engineering and Mathematics programmes in tertiary education, both sexes (%)",UIS.FOSGP.5T8.F500600700,..,..,..,..,..,..,..,..,..,..,..,..,..,..,..,..,32.10533,31.51056,35.15914,34.4768,..,..,..,..,..,..
Vanuatu,VUT,"Percentage of graduates from Science, Technology, Engineering and Mathematics programmes in tertiary education, both sexes (%)",UIS.FOSGP.5T8.F500600700,..,..,..,..,..,..,..,..,..,..,..,..,..,..,..,..,..,..,..,..,..,..,..,..,..,..
"Venezuela, RB",VEN,"Percentage of graduates from Science, Technology, Engineering and Mathematics programmes in tertiary education, both sexes (%)",UIS.FOSGP.5T8.F500600700,26.44799,..,..,..,..,..,..,..,..,..,..,..,..,..,..,..,..,..,..,..,..,..,..,..,..,..
Viet Nam,VNM,"Percentage of graduates from Science, Technology, Engineering and Mathematics programmes in tertiary education, both sexes (%)",UIS.FOSGP.5T8.F500600700,..,..,..,..,..,21.25388,..,20.46433,19.76412,19.75734,16.76247,..,24.0492,..,..,23.41543,22.67548,..,..,..,..,..,..,..,..,..
Virgin Islands (U.S.),VIR,"Percentage of graduates from Science, Technology, Engineering and Mathematics programmes in tertiary education, both sexes (%)",UIS.FOSGP.5T8.F500600700,..,..,..,..,..,..,..,..,..,..,..,..,..,..,..,..,..,..,..,..,..,..,..,..,..,..
West Bank and Gaza,PSE,"Percentage of graduates from Science, Technology, Engineering and Mathematics programmes in tertiary education, both sexes (%)",UIS.FOSGP.5T8.F500600700,20.1378,20.74642,..,23.18412,20.96761,..,..,16.76811,16.98516,17.31655,16.50665,16.35859,15.91705,..,..,16.67674,16.55026,15.82976,15.42122,14.67392,..,..,..,..,..,..
World,WLD,"Percentage of graduates from Science, Technology, Engineering and Mathematics programmes in tertiary education, both sexes (%)",UIS.FOSGP.5T8.F500600700,..,..,..,..,..,..,..,..,..,..,..,..,..,..,..,..,..,..,..,..,..,..,..,..,..,..
"Yemen, Rep.",YEM,"Percentage of graduates from Science, Technology, Engineering and Mathematics programmes in tertiary education, both sexes (%)",UIS.FOSGP.5T8.F500600700,..,..,..,..,..,..,..,..,..,..,..,..,..,..,..,..,..,..,..,..,..,..,..,..,..,..
Zambia,ZMB,"Percentage of graduates from Science, Technology, Engineering and Mathematics programmes in tertiary education, both sexes (%)",UIS.FOSGP.5T8.F500600700,..,..,..,..,..,..,..,..,..,..,..,..,..,..,..,..,..,..,..,..,..,..,..,..,..,..
Zimbabwe,ZWE,"Percentage of graduates from Science, Technology, Engineering and Mathematics programmes in tertiary education, both sexes (%)",UIS.FOSGP.5T8.F500600700,..,..,..,..,..,..,..,..,..,..,25.19502,24.1572,24.32908,..,..,30.22403,..,..,..,..,..,..,..,..,..,..
,,,,,,,,,,,,,,,,,,,,,,,,,,,,,
,,,,,,,,,,,,,,,,,,,,,,,,,,,,,
,,,,,,,,,,,,,,,,,,,,,,,,,,,,,
Data from database: Education Statistics - All Indicators,,,,,,,,,,,,,,,,,,,,,,,,,,,,,
Last Updated: 06/25/2024,,,,,,,,,,,,,,,,,,,,,,,,,,,,,
